{"cameraMode":{"drawMode":0,"name":"Shaded","section":"Shading Mode"},"sceneLighting":true,"audioPlay":false,"sceneViewState":{"m_AlwaysRefresh":false,"showFog":true,"showSkybox":true,"showFlares":true,"showImageEffects":true,"showParticleSystems":true,"showVisualEffectGraphs":true,"m_FxEnabled":true},"in2DMode":false,"pivot":{"x":12.012038230895996,"y":12.664704322814942,"z":-14.938676834106446},"rotation":{"x":0.08566457778215409,"y":0.7690194249153137,"z":-0.10735923051834107,"w":0.6250178217887878},"size":1.0606601238250733,"orthographic":false}